,Coefficient,P-value,Lower 95% CI,Upper 95% CI
const,-11938.538576167197,5.579044345924353e-32,-13876.393424214933,-10000.68372811946
age,256.8563525373486,7.783217436485536e-89,233.51377837188375,280.1989267028134
bmi,339.1934536108385,6.498193926262809e-31,283.088425572029,395.298481649648
children,475.500545149135,0.0005769682423280124,205.16328558294174,745.8378047153283
sex_male,-131.31435939510152,0.6933475191599947,-784.4702704982158,521.8415517080127
smoker_yes,23848.53454191282,0.0,23038.030705022098,24659.038378803543
region_northwest,-352.96389942465163,0.4587689325860467,-1287.2982025986767,581.3704037493735
region_southeast,-1035.02204938782,0.030781739280924824,-1974.0967729784657,-95.94732579717436
region_southwest,-960.0509913008382,0.04476492951783119,-1897.6363829560123,-22.465599645664156
